file_name,sample_start,sample_end,timestamp_start,timestamp_end,scream_type,video_id
TSKtHnt8lKI.wav,0,0,8.01,13.00,clean,TSKtHnt8lKI
TSKtHnt8lKI.wav,0,0,15.48,20.73,clean,TSKtHnt8lKI
TSKtHnt8lKI.wav,0,0,23.12,28.79,clean,TSKtHnt8lKI
TSKtHnt8lKI.wav,0,0,30.74,36.08,clean,TSKtHnt8lKI
TSKtHnt8lKI.wav,0,0,38.73,41.05,clean,TSKtHnt8lKI
TSKtHnt8lKI.wav,0,0,42.42,44.95,clean,TSKtHnt8lKI
TSKtHnt8lKI.wav,0,0,46.30,48.90,clean,TSKtHnt8lKI
TSKtHnt8lKI.wav,0,0,50.24,57.77,clean,TSKtHnt8lKI
TSKtHnt8lKI.wav,0,0,58.30,65.87,fry,TSKtHnt8lKI
TSKtHnt8lKI.wav,0,0,90.02,96.78,clean,TSKtHnt8lKI
TSKtHnt8lKI.wav,0,0,97.66,104.96,clean,TSKtHnt8lKI
TSKtHnt8lKI.wav,0,0,105.55,119.28,clean,TSKtHnt8lKI
TSKtHnt8lKI.wav,0,0,121.55,136.83,clean,TSKtHnt8lKI
TSKtHnt8lKI.wav,0,0,151.57,181.23,clean,TSKtHnt8lKI
TSKtHnt8lKI.wav,0,0,182.92,200.96,clean,TSKtHnt8lKI
TSKtHnt8lKI.wav,0,0,215.55,221.31,clean,TSKtHnt8lKI
TSKtHnt8lKI.wav,0,0,223.49,227.67,clean,TSKtHnt8lKI
TSKtHnt8lKI.wav,0,0,230.87,236.33,clean,TSKtHnt8lKI
TSKtHnt8lKI.wav,0,0,238.63,243.15,clean,TSKtHnt8lKI
TSKtHnt8lKI.wav,0,0,246.27,251.65,clean,TSKtHnt8lKI
TSKtHnt8lKI.wav,0,0,253.93,258.71,clean,TSKtHnt8lKI
TSKtHnt8lKI.wav,0,0,261.64,267.02,clean,TSKtHnt8lKI
TSKtHnt8lKI.wav,0,0,269.37,274.29,clean,TSKtHnt8lKI
TSKtHnt8lKI.wav,0,0,276.20,277.26,clean,TSKtHnt8lKI
TSKtHnt8lKI.wav,0,0,315.25,320.57,clean,TSKtHnt8lKI
TSKtHnt8lKI.wav,0,0,323.03,327.42,clean,TSKtHnt8lKI
TSKtHnt8lKI.wav,0,0,330.79,335.80,clean,TSKtHnt8lKI
TSKtHnt8lKI.wav,0,0,338.36,343.21,clean,TSKtHnt8lKI
TSKtHnt8lKI.wav,0,0,345.69,361.09,fry,TSKtHnt8lKI
TSKtHnt8lKI.wav,0,0,361.41,366.36,clean,TSKtHnt8lKI
TSKtHnt8lKI.wav,0,0,369.09,373.37,clean,TSKtHnt8lKI
TSKtHnt8lKI.wav,0,0,376.76,386.89,clean,TSKtHnt8lKI
TSKtHnt8lKI.wav,0,0,392.18,400.32,clean,TSKtHnt8lKI
TSKtHnt8lKI.wav,0,0,422.76,449.84,clean,TSKtHnt8lKI
TSKtHnt8lKI.wav,0,0,449.85,453.64,fry,TSKtHnt8lKI
TSKtHnt8lKI.wav,0,0,453.65,463.77,clean,TSKtHnt8lKI
TSKtHnt8lKI.wav,0,0,468.95,484.04,clean,TSKtHnt8lKI
oBAqPFBLn3k.wav,0,0,36.13,38.56,clean,oBAqPFBLn3k
oBAqPFBLn3k.wav,0,0,39.70,40.82,clean,oBAqPFBLn3k
oBAqPFBLn3k.wav,0,0,41.88,45.06,clean,oBAqPFBLn3k
oBAqPFBLn3k.wav,0,0,47.39,49.27,clean,oBAqPFBLn3k
oBAqPFBLn3k.wav,0,0,50.41,55.91,clean,oBAqPFBLn3k
oBAqPFBLn3k.wav,0,0,56.47,58.28,clean,oBAqPFBLn3k
oBAqPFBLn3k.wav,0,0,59.30,60.90,clean,oBAqPFBLn3k
oBAqPFBLn3k.wav,0,0,62.52,63.90,clean,oBAqPFBLn3k
oBAqPFBLn3k.wav,0,0,64.62,66.19,clean,oBAqPFBLn3k
oBAqPFBLn3k.wav,0,0,101.86,104.39,clean,oBAqPFBLn3k
oBAqPFBLn3k.wav,0,0,105.18,106.69,clean,oBAqPFBLn3k
oBAqPFBLn3k.wav,0,0,106.85,110.43,clean,oBAqPFBLn3k
oBAqPFBLn3k.wav,0,0,112.47,114.42,clean,oBAqPFBLn3k
oBAqPFBLn3k.wav,0,0,115.12,120.72,clean,oBAqPFBLn3k
oBAqPFBLn3k.wav,0,0,121.09,123.04,clean,oBAqPFBLn3k
oBAqPFBLn3k.wav,0,0,123.53,125.85,clean,oBAqPFBLn3k
oBAqPFBLn3k.wav,0,0,126.50,130.63,clean,oBAqPFBLn3k
oBAqPFBLn3k.wav,0,0,134.48,136.88,clean,oBAqPFBLn3k
oBAqPFBLn3k.wav,0,0,142.40,144.49,clean,oBAqPFBLn3k
oBAqPFBLn3k.wav,0,0,147.81,153.11,fry,oBAqPFBLn3k
oBAqPFBLn3k.wav,0,0,155.80,161.41,fry,oBAqPFBLn3k
oBAqPFBLn3k.wav,0,0,164.09,166.85,fry,oBAqPFBLn3k
oBAqPFBLn3k.wav,0,0,167.92,174.34,fry,oBAqPFBLn3k
oBAqPFBLn3k.wav,0,0,175.61,178.95,fry,oBAqPFBLn3k
oBAqPFBLn3k.wav,0,0,179.79,186.61,fry,oBAqPFBLn3k
74FSRrRutss.wav,0,0,42.67,48.97,clean,74FSRrRutss
74FSRrRutss.wav,0,0,51.03,57.37,clean,74FSRrRutss
74FSRrRutss.wav,0,0,59.51,65.73,clean,74FSRrRutss
74FSRrRutss.wav,0,0,67.87,74.14,clean,74FSRrRutss
74FSRrRutss.wav,0,0,134.23,167.90,fry,74FSRrRutss
74FSRrRutss.wav,0,0,168.76,174.89,clean,74FSRrRutss
74FSRrRutss.wav,0,0,177.02,183.27,clean,74FSRrRutss
74FSRrRutss.wav,0,0,185.22,191.58,clean,74FSRrRutss
74FSRrRutss.wav,0,0,193.93,200.08,clean,74FSRrRutss
74FSRrRutss.wav,0,0,243.62,276.98,fry,74FSRrRutss
h48pOT48lwY.wav,0,0,39.42,47.09,clean,h48pOT48lwY
h48pOT48lwY.wav,0,0,47.78,53.24,clean,h48pOT48lwY
h48pOT48lwY.wav,0,0,54.26,59.00,clean,h48pOT48lwY
h48pOT48lwY.wav,0,0,59.97,65.13,clean,h48pOT48lwY
h48pOT48lwY.wav,0,0,66.33,71.26,clean,h48pOT48lwY
h48pOT48lwY.wav,0,0,72.19,77.69,clean,h48pOT48lwY
h48pOT48lwY.wav,0,0,78.27,83.42,clean,h48pOT48lwY
h48pOT48lwY.wav,0,0,83.98,87.77,clean,h48pOT48lwY
h48pOT48lwY.wav,0,0,88.46,94.55,clean,h48pOT48lwY
h48pOT48lwY.wav,0,0,96.26,102.44,clean,h48pOT48lwY
h48pOT48lwY.wav,0,0,104.02,110.68,clean,h48pOT48lwY
h48pOT48lwY.wav,0,0,112.40,130.33,clean,h48pOT48lwY
h48pOT48lwY.wav,0,0,131.38,137.57,clean,h48pOT48lwY
h48pOT48lwY.wav,0,0,139.34,145.49,clean,h48pOT48lwY
h48pOT48lwY.wav,0,0,147.56,153.41,clean,h48pOT48lwY
h48pOT48lwY.wav,0,0,154.62,156.54,clean,h48pOT48lwY
h48pOT48lwY.wav,0,0,157.73,161.65,clean,h48pOT48lwY
h48pOT48lwY.wav,0,0,163.09,169.18,clean,h48pOT48lwY
h48pOT48lwY.wav,0,0,169.83,180.58,clean,h48pOT48lwY
h48pOT48lwY.wav,0,0,181.58,185.87,clean,h48pOT48lwY
h48pOT48lwY.wav,0,0,187.24,192.63,clean,h48pOT48lwY
h48pOT48lwY.wav,0,0,193.21,197.90,clean,h48pOT48lwY
h48pOT48lwY.wav,0,0,198.97,234.70,clean,h48pOT48lwY
h48pOT48lwY.wav,0,0,235.65,244.11,clean,h48pOT48lwY
h48pOT48lwY.wav,0,0,245.52,251.72,clean,h48pOT48lwY
h48pOT48lwY.wav,0,0,253.58,259.62,clean,h48pOT48lwY
h48pOT48lwY.wav,0,0,261.57,276.89,clean,h48pOT48lwY
h48pOT48lwY.wav,0,0,309.59,310.70,clean,h48pOT48lwY
h48pOT48lwY.wav,0,0,311.68,313.79,clean,h48pOT48lwY
h48pOT48lwY.wav,0,0,314.65,317.09,clean,h48pOT48lwY
h48pOT48lwY.wav,0,0,317.88,323.08,clean,h48pOT48lwY
h48pOT48lwY.wav,0,0,324.10,330.16,fry,h48pOT48lwY
h48pOT48lwY.wav,0,0,333.78,334.99,clean,h48pOT48lwY
h48pOT48lwY.wav,0,0,335.71,337.92,clean,h48pOT48lwY
h48pOT48lwY.wav,0,0,338.82,341.03,clean,h48pOT48lwY
h48pOT48lwY.wav,0,0,341.65,345.04,clean,h48pOT48lwY
h48pOT48lwY.wav,0,0,345.05,350.11,layered,h48pOT48lwY
h48pOT48lwY.wav,0,0,351.13,353.45,clean,h48pOT48lwY
h48pOT48lwY.wav,0,0,357.63,362.18,fry,h48pOT48lwY
h48pOT48lwY.wav,0,0,362.67,365.43,fry,h48pOT48lwY
h48pOT48lwY.wav,0,0,365.90,373.79,fry,h48pOT48lwY
h48pOT48lwY.wav,0,0,374.95,380.71,fry,h48pOT48lwY
h48pOT48lwY.wav,0,0,410.18,415.40,clean,h48pOT48lwY
h48pOT48lwY.wav,0,0,416.44,421.86,clean,h48pOT48lwY
h48pOT48lwY.wav,0,0,423.11,428.29,clean,h48pOT48lwY
h48pOT48lwY.wav,0,0,429.47,434.72,clean,h48pOT48lwY
h48pOT48lwY.wav,0,0,436.18,442.50,clean,h48pOT48lwY
h48pOT48lwY.wav,0,0,446.03,447.33,clean,h48pOT48lwY
h48pOT48lwY.wav,0,0,449.23,454.13,clean,h48pOT48lwY
h48pOT48lwY.wav,0,0,455.38,460.61,clean,h48pOT48lwY
h48pOT48lwY.wav,0,0,462.19,467.02,clean,h48pOT48lwY
h48pOT48lwY.wav,0,0,468.43,473.50,clean,h48pOT48lwY
h48pOT48lwY.wav,0,0,475.19,480.30,clean,h48pOT48lwY
h48pOT48lwY.wav,0,0,481.41,483.90,clean,h48pOT48lwY
tJz-L3SbrLE.wav,0,0,132.63,140.92,clean,tJz-L3SbrLE
tJz-L3SbrLE.wav,0,0,142.43,147.07,clean,tJz-L3SbrLE
tJz-L3SbrLE.wav,0,0,149.69,158.52,clean,tJz-L3SbrLE
tJz-L3SbrLE.wav,0,0,159.42,167.67,clean,tJz-L3SbrLE
tJz-L3SbrLE.wav,0,0,175.72,188.91,clean,tJz-L3SbrLE
tJz-L3SbrLE.wav,0,0,193.02,198.08,clean,tJz-L3SbrLE
tJz-L3SbrLE.wav,0,0,198.09,206.91,fry,tJz-L3SbrLE
tJz-L3SbrLE.wav,0,0,210.27,218.10,clean,tJz-L3SbrLE
tJz-L3SbrLE.wav,0,0,219.33,226.99,clean,tJz-L3SbrLE
tJz-L3SbrLE.wav,0,0,300.93,354.96,clean,tJz-L3SbrLE
tJz-L3SbrLE.wav,0,0,400.66,406.27,clean,tJz-L3SbrLE
tJz-L3SbrLE.wav,0,0,406.28,408.92,fry,tJz-L3SbrLE
tJz-L3SbrLE.wav,0,0,410.50,412.22,fry,tJz-L3SbrLE
tJz-L3SbrLE.wav,0,0,417.79,430.49,fry,tJz-L3SbrLE
tJz-L3SbrLE.wav,0,0,435.11,442.89,clean,tJz-L3SbrLE
tJz-L3SbrLE.wav,0,0,444.12,451.55,clean,tJz-L3SbrLE
tJz-L3SbrLE.wav,0,0,452.44,460.19,clean,tJz-L3SbrLE
tJz-L3SbrLE.wav,0,0,461.38,467.18,clean,tJz-L3SbrLE
tJz-L3SbrLE.wav,0,0,467.19,470.50,clean,tJz-L3SbrLE
XCXRaXo0b2E.wav,0,0,56.07,83.40,fry,XCXRaXo0b2E
XCXRaXo0b2E.wav,0,0,101.98,114.54,clean,XCXRaXo0b2E
XCXRaXo0b2E.wav,0,0,114.55,141.64,fry,XCXRaXo0b2E
XCXRaXo0b2E.wav,0,0,149.93,186.36,clean,XCXRaXo0b2E
XCXRaXo0b2E.wav,0,0,207.79,212.97,fry,XCXRaXo0b2E
XCXRaXo0b2E.wav,0,0,212.98,214.56,clean,XCXRaXo0b2E
XCXRaXo0b2E.wav,0,0,214.57,220.10,fry,XCXRaXo0b2E
XCXRaXo0b2E.wav,0,0,220.11,221.44,clean,XCXRaXo0b2E
XCXRaXo0b2E.wav,0,0,221.45,226.64,fry,XCXRaXo0b2E
XCXRaXo0b2E.wav,0,0,226.65,228.22,clean,XCXRaXo0b2E
XCXRaXo0b2E.wav,0,0,228.23,253.49,fry,XCXRaXo0b2E
XCXRaXo0b2E.wav,0,0,253.49,275.73,clean,XCXRaXo0b2E
XCXRaXo0b2E.wav,0,0,277.01,279.15,clean,XCXRaXo0b2E
XCXRaXo0b2E.wav,0,0,294.80,325.17,clean,XCXRaXo0b2E
XCXRaXo0b2E.wav,0,0,331.18,335.55,fry,XCXRaXo0b2E
wWDdDm-Vu8Y.wav,0,0,54.40,130.56,fry,wWDdDm-Vu8Y
wWDdDm-Vu8Y.wav,0,0,132.92,133.88,fry,wWDdDm-Vu8Y
wWDdDm-Vu8Y.wav,0,0,143.21,162.26,fry,wWDdDm-Vu8Y
wWDdDm-Vu8Y.wav,0,0,171.79,181.39,fry,wWDdDm-Vu8Y
wWDdDm-Vu8Y.wav,0,0,200.12,248.53,fry,wWDdDm-Vu8Y
wWDdDm-Vu8Y.wav,0,0,358.44,381.80,fry,wWDdDm-Vu8Y
KPpjqc3yJEM.wav,0,0,181.53,189.10,clean,KPpjqc3yJEM
KPpjqc3yJEM.wav,0,0,190.03,193.88,clean,KPpjqc3yJEM
KPpjqc3yJEM.wav,0,0,194.88,206.70,clean,KPpjqc3yJEM
KPpjqc3yJEM.wav,0,0,210.67,213.01,clean,KPpjqc3yJEM
KPpjqc3yJEM.wav,0,0,216.87,218.77,clean,KPpjqc3yJEM
KPpjqc3yJEM.wav,0,0,222.56,224.72,clean,KPpjqc3yJEM
KPpjqc3yJEM.wav,0,0,228.48,230.50,clean,KPpjqc3yJEM
KPpjqc3yJEM.wav,0,0,231.59,238.25,clean,KPpjqc3yJEM
KPpjqc3yJEM.wav,0,0,239.00,260.66,clean,KPpjqc3yJEM
KPpjqc3yJEM.wav,0,0,264.38,316.48,clean,KPpjqc3yJEM
KPpjqc3yJEM.wav,0,0,317.81,324.54,clean,KPpjqc3yJEM
KPpjqc3yJEM.wav,0,0,325.28,332.09,clean,KPpjqc3yJEM
KPpjqc3yJEM.wav,0,0,333.50,359.44,clean,KPpjqc3yJEM
KPpjqc3yJEM.wav,0,0,507.10,581.07,clean,KPpjqc3yJEM
KPpjqc3yJEM.wav,0,0,646.14,681.85,fry,KPpjqc3yJEM
KPpjqc3yJEM.wav,0,0,798.37,804.89,clean,KPpjqc3yJEM
KPpjqc3yJEM.wav,0,0,805.82,836.63,clean,KPpjqc3yJEM
KPpjqc3yJEM.wav,0,0,864.06,922.85,clean,KPpjqc3yJEM
2GWPzBXNY2g.wav,0,0,29.76,33.94,clean,2GWPzBXNY2g
2GWPzBXNY2g.wav,0,0,36.54,41.07,clean,2GWPzBXNY2g
2GWPzBXNY2g.wav,0,0,43.28,47.69,clean,2GWPzBXNY2g
2GWPzBXNY2g.wav,0,0,49.96,74.32,clean,2GWPzBXNY2g
2GWPzBXNY2g.wav,0,0,75.44,94.45,clean,2GWPzBXNY2g
2GWPzBXNY2g.wav,0,0,97.17,101.88,clean,2GWPzBXNY2g
2GWPzBXNY2g.wav,0,0,103.86,109.45,clean,2GWPzBXNY2g
2GWPzBXNY2g.wav,0,0,110.94,114.77,clean,2GWPzBXNY2g
2GWPzBXNY2g.wav,0,0,117.65,121.95,clean,2GWPzBXNY2g
2GWPzBXNY2g.wav,0,0,124.18,128.91,clean,2GWPzBXNY2g
2GWPzBXNY2g.wav,0,0,131.26,135.48,clean,2GWPzBXNY2g
2GWPzBXNY2g.wav,0,0,137.43,141.47,clean,2GWPzBXNY2g
2GWPzBXNY2g.wav,0,0,144.19,168.62,clean,2GWPzBXNY2g
2GWPzBXNY2g.wav,0,0,170.08,189.03,clean,2GWPzBXNY2g
2GWPzBXNY2g.wav,0,0,254.21,261.01,fry,2GWPzBXNY2g
2GWPzBXNY2g.wav,0,0,262.57,292.26,fry,2GWPzBXNY2g
2GWPzBXNY2g.wav,0,0,307.06,325.86,clean,2GWPzBXNY2g
2GWPzBXNY2g.wav,0,0,327.14,366.57,clean,2GWPzBXNY2g
2GWPzBXNY2g.wav,0,0,367.85,386.86,clean,2GWPzBXNY2g
-9kERB40e7s.wav,0,0,67.94,89.30,clean,-9kERB40e7s
-9kERB40e7s.wav,0,0,90.11,121.48,clean,-9kERB40e7s
-9kERB40e7s.wav,0,0,121.48,127.17,layered,-9kERB40e7s
-9kERB40e7s.wav,0,0,127.94,148.46,fry,-9kERB40e7s
-9kERB40e7s.wav,0,0,150.72,153.85,fry,-9kERB40e7s
-9kERB40e7s.wav,0,0,154.90,158.03,fry,-9kERB40e7s
-9kERB40e7s.wav,0,0,159.63,166.30,fry,-9kERB40e7s
-9kERB40e7s.wav,0,0,199.69,202.82,layered,-9kERB40e7s
-9kERB40e7s.wav,0,0,204.17,207.63,layered,-9kERB40e7s
-9kERB40e7s.wav,0,0,208.58,215.99,layered,-9kERB40e7s
-9kERB40e7s.wav,0,0,216.00,224.39,fry,-9kERB40e7s
-9kERB40e7s.wav,0,0,233.49,260.04,fry,-9kERB40e7s
-9kERB40e7s.wav,0,0,286.72,318.04,clean,-9kERB40e7s
-9kERB40e7s.wav,0,0,410.80,415.26,clean,-9kERB40e7s
-9kERB40e7s.wav,0,0,417.94,421.69,clean,-9kERB40e7s
-9kERB40e7s.wav,0,0,424.15,428.61,clean,-9kERB40e7s
-9kERB40e7s.wav,0,0,430.98,436.98,clean,-9kERB40e7s
-9kERB40e7s.wav,0,0,437.44,442.03,fry,-9kERB40e7s
-9kERB40e7s.wav,0,0,442.04,456.71,layered,-9kERB40e7s
-9kERB40e7s.wav,0,0,456.72,466.04,fry,-9kERB40e7s
-9kERB40e7s.wav,0,0,466.05,478.09,layered,-9kERB40e7s
-9kERB40e7s.wav,0,0,478.10,483.32,fry,-9kERB40e7s
-9kERB40e7s.wav,0,0,484.53,491.45,fry,-9kERB40e7s
-9kERB40e7s.wav,0,0,491.46,497.81,layered,-9kERB40e7s
-9kERB40e7s.wav,0,0,497.82,502.45,clean,-9kERB40e7s
-9kERB40e7s.wav,0,0,504.56,509.21,clean,-9kERB40e7s
-9kERB40e7s.wav,0,0,511.14,517.94,clean,-9kERB40e7s
-9kERB40e7s.wav,0,0,546.99,556.08,layered,-9kERB40e7s
-9kERB40e7s.wav,0,0,556.09,571.65,fry,-9kERB40e7s
vfnG2oMNhms.wav,0,0,41.05,46.16,clean,vfnG2oMNhms
vfnG2oMNhms.wav,0,0,50.45,57.00,clean,vfnG2oMNhms
vfnG2oMNhms.wav,0,0,67.24,90.76,clean,vfnG2oMNhms
vfnG2oMNhms.wav,0,0,105.72,151.30,clean,vfnG2oMNhms
vfnG2oMNhms.wav,0,0,153.66,161.12,clean,vfnG2oMNhms
vfnG2oMNhms.wav,0,0,163.28,220.79,clean,vfnG2oMNhms
vfnG2oMNhms.wav,0,0,228.08,234.26,clean,vfnG2oMNhms
vfnG2oMNhms.wav,0,0,237.70,241.78,clean,vfnG2oMNhms
vfnG2oMNhms.wav,0,0,241.79,264.61,fry,vfnG2oMNhms
vfnG2oMNhms.wav,0,0,357.56,389.86,clean,vfnG2oMNhms
vfnG2oMNhms.wav,0,0,397.03,404.65,clean,vfnG2oMNhms
vfnG2oMNhms.wav,0,0,405.44,437.18,clean,vfnG2oMNhms
vfnG2oMNhms.wav,0,0,446.70,492.49,clean,vfnG2oMNhms
hrpf51-WfH8.wav,0,0,128.04,136.68,clean,hrpf51-WfH8
hrpf51-WfH8.wav,0,0,139.98,159.36,clean,hrpf51-WfH8
hrpf51-WfH8.wav,0,0,163.60,172.54,clean,hrpf51-WfH8
hrpf51-WfH8.wav,0,0,180.88,187.09,fry,hrpf51-WfH8
hrpf51-WfH8.wav,0,0,193.57,203.37,clean,hrpf51-WfH8
hrpf51-WfH8.wav,0,0,205.44,215.59,clean,hrpf51-WfH8
hrpf51-WfH8.wav,0,0,215.60,222.57,clean,hrpf51-WfH8
hrpf51-WfH8.wav,0,0,229.05,238.54,fry,hrpf51-WfH8
hrpf51-WfH8.wav,0,0,240.89,252.07,clean,hrpf51-WfH8
hrpf51-WfH8.wav,0,0,257.23,261.93,fry,hrpf51-WfH8
hrpf51-WfH8.wav,0,0,263.85,271.25,clean,hrpf51-WfH8
hrpf51-WfH8.wav,0,0,272.29,275.37,fry,hrpf51-WfH8
hrpf51-WfH8.wav,0,0,275.77,283.88,clean,hrpf51-WfH8
hrpf51-WfH8.wav,0,0,283.92,291.00,fry,hrpf51-WfH8
hrpf51-WfH8.wav,0,0,293.22,299.73,fry,hrpf51-WfH8
hrpf51-WfH8.wav,0,0,299.96,307.32,clean,hrpf51-WfH8
hrpf51-WfH8.wav,0,0,308.37,311.65,fry,hrpf51-WfH8
hrpf51-WfH8.wav,0,0,311.68,319.76,clean,hrpf51-WfH8
hrpf51-WfH8.wav,0,0,319.95,327.10,fry,hrpf51-WfH8
DBykpSXsSE.wav,0,0,8.00,14.93,fry,DBykpSXsSE
DBykpSXsSE.wav,0,0,16.19,20.58,fry,DBykpSXsSE
DBykpSXsSE.wav,0,0,22.67,28.75,fry,DBykpSXsSE
DBykpSXsSE.wav,0,0,30.97,36.73,fry,DBykpSXsSE
DBykpSXsSE.wav,0,0,37.35,43.30,fry,DBykpSXsSE
DBykpSXsSE.wav,0,0,45.29,51.56,fry,DBykpSXsSE
DBykpSXsSE.wav,0,0,52.01,58.21,fry,DBykpSXsSE
DBykpSXsSE.wav,0,0,60.26,67.02,fry,DBykpSXsSE
DBykpSXsSE.wav,0,0,73.83,81.79,clean,DBykpSXsSE
DBykpSXsSE.wav,0,0,104.10,112.34,clean,DBykpSXsSE
DBykpSXsSE.wav,0,0,124.69,132.28,fry,DBykpSXsSE
DBykpSXsSE.wav,0,0,133.58,138.24,fry,DBykpSXsSE
DBykpSXsSE.wav,0,0,139.81,146.09,fry,DBykpSXsSE
DBykpSXsSE.wav,0,0,147.86,153.34,fry,DBykpSXsSE
DBykpSXsSE.wav,0,0,154.43,183.42,clean,DBykpSXsSE
DBykpSXsSE.wav,0,0,184.81,199.18,clean,DBykpSXsSE
DBykpSXsSE.wav,0,0,200.83,215.29,clean,DBykpSXsSE
DBykpSXsSE.wav,0,0,216.78,230.42,clean,DBykpSXsSE
DBykpSXsSE.wav,0,0,232.46,235.49,clean,DBykpSXsSE
DBykpSXsSE.wav,0,0,236.26,238.59,clean,DBykpSXsSE
DBykpSXsSE.wav,0,0,240.36,242.79,clean,DBykpSXsSE
DBykpSXsSE.wav,0,0,264.10,266.92,clean,DBykpSXsSE
DBykpSXsSE.wav,0,0,267.90,281.60,clean,DBykpSXsSE
DBykpSXsSE.wav,0,0,283.24,295.87,clean,DBykpSXsSE
DBykpSXsSE.wav,0,0,355.90,362.56,clean,DBykpSXsSE
DBykpSXsSE.wav,0,0,363.69,370.66,clean,DBykpSXsSE
DBykpSXsSE.wav,0,0,371.20,378.13,clean,DBykpSXsSE
DBykpSXsSE.wav,0,0,379.02,388.24,clean,DBykpSXsSE
DBykpSXsSE.wav,0,0,398.31,402.06,fry,DBykpSXsSE
DBykpSXsSE.wav,0,0,403.43,407.25,fry,DBykpSXsSE
DBykpSXsSE.wav,0,0,408.72,412.03,fry,DBykpSXsSE
DBykpSXsSE.wav,0,0,413.73,419.00,fry,DBykpSXsSE
DBykpSXsSE.wav,0,0,448.10,457.77,clean,DBykpSXsSE
DBykpSXsSE.wav,0,0,498.94,504.02,fry,DBykpSXsSE
DBykpSXsSE.wav,0,0,508.92,514.38,fry,DBykpSXsSE
DBykpSXsSE.wav,0,0,519.40,525.90,fry,DBykpSXsSE
DBykpSXsSE.wav,0,0,529.62,536.96,fry,DBykpSXsSE
DBykpSXsSE.wav,0,0,539.56,540.37,fry,DBykpSXsSE
DBykpSXsSE.wav,0,0,546.94,553.19,clean,DBykpSXsSE
DBykpSXsSE.wav,0,0,554.43,559.59,clean,DBykpSXsSE
DBykpSXsSE.wav,0,0,562.30,568.68,clean,DBykpSXsSE
DBykpSXsSE.wav,0,0,570.09,575.40,clean,DBykpSXsSE
DBykpSXsSE.wav,0,0,577.74,584.19,clean,DBykpSXsSE
DBykpSXsSE.wav,0,0,585.36,590.44,clean,DBykpSXsSE
DBykpSXsSE.wav,0,0,593.06,599.42,clean,DBykpSXsSE
DBykpSXsSE.wav,0,0,600.74,605.88,clean,DBykpSXsSE
DBykpSXsSE.wav,0,0,607.78,610.28,clean,DBykpSXsSE
DBykpSXsSE.wav,0,0,611.92,614.22,clean,DBykpSXsSE
DBykpSXsSE.wav,0,0,615.55,617.74,clean,DBykpSXsSE
Kxdh-P06r8s.wav,0,0,44.81,50.61,clean,Kxdh-P06r8s
Kxdh-P06r8s.wav,0,0,51.87,56.05,clean,Kxdh-P06r8s
Kxdh-P06r8s.wav,0,0,59.67,64.59,clean,Kxdh-P06r8s
Kxdh-P06r8s.wav,0,0,65.59,69.26,clean,Kxdh-P06r8s
Kxdh-P06r8s.wav,0,0,71.84,75.60,clean,Kxdh-P06r8s
Kxdh-P06r8s.wav,0,0,78.52,82.31,clean,Kxdh-P06r8s
Kxdh-P06r8s.wav,0,0,85.35,89.23,clean,Kxdh-P06r8s
Kxdh-P06r8s.wav,0,0,91.92,118.70,clean,Kxdh-P06r8s
Kxdh-P06r8s.wav,0,0,118.79,134.09,fry,Kxdh-P06r8s
Kxdh-P06r8s.wav,0,0,139.27,148.05,fry,Kxdh-P06r8s
Kxdh-P06r8s.wav,0,0,152.25,154.20,fry,Kxdh-P06r8s
Kxdh-P06r8s.wav,0,0,154.96,159.42,fry,Kxdh-P06r8s
Kxdh-P06r8s.wav,0,0,160.75,163.25,fry,Kxdh-P06r8s
Kxdh-P06r8s.wav,0,0,164.04,165.74,fry,Kxdh-P06r8s
Kxdh-P06r8s.wav,0,0,220.63,250.10,clean,Kxdh-P06r8s
Kxdh-P06r8s.wav,0,0,279.59,288.15,clean,Kxdh-P06r8s
Kxdh-P06r8s.wav,0,0,315.16,346.34,clean,Kxdh-P06r8s
rSlYrbibiD4.wav,0,0,33.97,45.02,clean,rSlYrbibiD4
rSlYrbibiD4.wav,0,0,107.62,134.60,fry,rSlYrbibiD4
rSlYrbibiD4.wav,0,0,135.39,162.26,clean,rSlYrbibiD4
rSlYrbibiD4.wav,0,0,204.70,221.47,fry,rSlYrbibiD4
rSlYrbibiD4.wav,0,0,221.48,245.06,clean,rSlYrbibiD4
8Vo-bBA3-yY.wav,0,0,30.85,37.31,clean,8Vo-bBA3-yY
8Vo-bBA3-yY.wav,0,0,38.15,43.74,clean,8Vo-bBA3-yY
8Vo-bBA3-yY.wav,0,0,46.60,62.25,clean,8Vo-bBA3-yY
8Vo-bBA3-yY.wav,0,0,64.59,70.93,fry,8Vo-bBA3-yY
8Vo-bBA3-yY.wav,0,0,72.44,78.83,fry,8Vo-bBA3-yY
8Vo-bBA3-yY.wav,0,0,81.61,87.84,clean,8Vo-bBA3-yY
8Vo-bBA3-yY.wav,0,0,89.32,100.89,clean,8Vo-bBA3-yY
8Vo-bBA3-yY.wav,0,0,101.91,119.25,clean,8Vo-bBA3-yY
8Vo-bBA3-yY.wav,0,0,135.85,149.51,clean,8Vo-bBA3-yY
8Vo-bBA3-yY.wav,0,0,149.52,161.72,fry,8Vo-bBA3-yY
8Vo-bBA3-yY.wav,0,0,164.07,179.32,clean,8Vo-bBA3-yY
8Vo-bBA3-yY.wav,0,0,182.13,186.03,fry,8Vo-bBA3-yY
8Vo-bBA3-yY.wav,0,0,189.56,192.44,fry,8Vo-bBA3-yY
8Vo-bBA3-yY.wav,0,0,196.20,198.11,fry,8Vo-bBA3-yY
8Vo-bBA3-yY.wav,0,0,211.88,215.75,clean,8Vo-bBA3-yY
8Vo-bBA3-yY.wav,0,0,222.42,233.63,clean,8Vo-bBA3-yY
8Vo-bBA3-yY.wav,0,0,234.45,270.39,clean,8Vo-bBA3-yY
8Vo-bBA3-yY.wav,0,0,271.48,377.74,clean,8Vo-bBA3-yY
8Vo-bBA3-yY.wav,0,0,379.20,379.90,clean,8Vo-bBA3-yY
UnkpPIupQxM.wav,0,0,54.96,66.24,clean,UnkpPIupQxM
UnkpPIupQxM.wav,0,0,66.82,76.78,clean,UnkpPIupQxM
UnkpPIupQxM.wav,0,0,78.78,83.08,fry,UnkpPIupQxM
UnkpPIupQxM.wav,0,0,84.00,88.76,fry,UnkpPIupQxM
UnkpPIupQxM.wav,0,0,91.11,95.10,fry,UnkpPIupQxM
UnkpPIupQxM.wav,0,0,97.33,100.89,fry,UnkpPIupQxM
UnkpPIupQxM.wav,0,0,104.53,109.31,fry,UnkpPIupQxM
UnkpPIupQxM.wav,0,0,111.85,113.61,clean,UnkpPIupQxM
UnkpPIupQxM.wav,0,0,113.62,115.58,fry,UnkpPIupQxM
UnkpPIupQxM.wav,0,0,117.56,119.72,fry,UnkpPIupQxM
UnkpPIupQxM.wav,0,0,121.16,125.80,fry,UnkpPIupQxM
UnkpPIupQxM.wav,0,0,128.26,129.93,clean,UnkpPIupQxM
UnkpPIupQxM.wav,0,0,129.94,132.07,fry,UnkpPIupQxM
UnkpPIupQxM.wav,0,0,194.95,198.48,clean,UnkpPIupQxM
UnkpPIupQxM.wav,0,0,199.45,203.56,clean,UnkpPIupQxM
UnkpPIupQxM.wav,0,0,204.75,209.53,clean,UnkpPIupQxM
UnkpPIupQxM.wav,0,0,215.82,222.97,fry,UnkpPIupQxM
UnkpPIupQxM.wav,0,0,222.98,243.29,clean,UnkpPIupQxM
UnkpPIupQxM.wav,0,0,245.92,251.19,layered,UnkpPIupQxM
UnkpPIupQxM.wav,0,0,253.93,259.99,layered,UnkpPIupQxM
UnkpPIupQxM.wav,0,0,261.99,270.51,clean,UnkpPIupQxM
UnkpPIupQxM.wav,0,0,273.87,277.43,clean,UnkpPIupQxM
UnkpPIupQxM.wav,0,0,281.98,285.86,clean,UnkpPIupQxM
UnkpPIupQxM.wav,0,0,291.59,301.37,clean,UnkpPIupQxM
UnkpPIupQxM.wav,0,0,301.62,304.76,fry,UnkpPIupQxM
UnkpPIupQxM.wav,0,0,305.17,314.32,clean,UnkpPIupQxM
UnkpPIupQxM.wav,0,0,315.14,327.98,clean,UnkpPIupQxM
UnkpPIupQxM.wav,0,0,330.65,336.94,fry,UnkpPIupQxM
UnkpPIupQxM.wav,0,0,338.66,346.32,fry,UnkpPIupQxM
UnkpPIupQxM.wav,0,0,347.16,356.70,clean,UnkpPIupQxM
UnkpPIupQxM.wav,0,0,356.96,360.02,clean,UnkpPIupQxM
UnkpPIupQxM.wav,0,0,360.42,375.39,clean,UnkpPIupQxM
UnkpPIupQxM.wav,0,0,375.40,381.01,fry,UnkpPIupQxM
UnkpPIupQxM.wav,0,0,381.02,392.88,clean,UnkpPIupQxM
UnkpPIupQxM.wav,0,0,409.36,424.48,clean,UnkpPIupQxM
UnkpPIupQxM.wav,0,0,425.71,440.80,clean,UnkpPIupQxM
UnkpPIupQxM.wav,0,0,441.92,447.79,clean,UnkpPIupQxM
UnkpPIupQxM.wav,0,0,489.22,510.35,clean,UnkpPIupQxM
UnkpPIupQxM.wav,0,0,511.79,519.24,clean,UnkpPIupQxM
UnkpPIupQxM.wav,0,0,560.36,591.96,clean,UnkpPIupQxM
UnkpPIupQxM.wav,0,0,591.97,606.22,fry,UnkpPIupQxM
UnkpPIupQxM.wav,0,0,606.96,621.15,layered,UnkpPIupQxM
OI_vGXRFRLg.wav,0,0,40.21,95.21,clean,OI_vGXRFRLg
OI_vGXRFRLg.wav,0,0,176.14,177.25,clean,OI_vGXRFRLg
OI_vGXRFRLg.wav,0,0,177.26,180.07,fry,OI_vGXRFRLg
OI_vGXRFRLg.wav,0,0,180.08,181.31,clean,OI_vGXRFRLg
OI_vGXRFRLg.wav,0,0,181.31,184.42,fry,OI_vGXRFRLg
OI_vGXRFRLg.wav,0,0,184.43,191.31,layered,OI_vGXRFRLg
OI_vGXRFRLg.wav,0,0,192.10,193.32,clean,OI_vGXRFRLg
OI_vGXRFRLg.wav,0,0,194.02,195.94,fry,OI_vGXRFRLg
OI_vGXRFRLg.wav,0,0,196.20,197.33,clean,OI_vGXRFRLg
OI_vGXRFRLg.wav,0,0,197.34,199.95,fry,OI_vGXRFRLg
OI_vGXRFRLg.wav,0,0,200.00,200.98,clean,OI_vGXRFRLg
OI_vGXRFRLg.wav,0,0,200.99,207.16,layered,OI_vGXRFRLg
OI_vGXRFRLg.wav,0,0,207.17,208.89,fry,OI_vGXRFRLg
OI_vGXRFRLg.wav,0,0,228.07,240.38,clean,OI_vGXRFRLg
OI_vGXRFRLg.wav,0,0,263.16,355.37,clean,OI_vGXRFRLg
OI_vGXRFRLg.wav,0,0,370.98,372.24,clean,OI_vGXRFRLg
OI_vGXRFRLg.wav,0,0,372.25,375.10,fry,OI_vGXRFRLg
OI_vGXRFRLg.wav,0,0,375.11,376.21,clean,OI_vGXRFRLg
OI_vGXRFRLg.wav,0,0,377.02,379.20,fry,OI_vGXRFRLg
OI_vGXRFRLg.wav,0,0,379.30,386.62,layered,OI_vGXRFRLg
OI_vGXRFRLg.wav,0,0,387.02,388.24,clean,OI_vGXRFRLg
OI_vGXRFRLg.wav,0,0,388.99,391.18,fry,OI_vGXRFRLg
OI_vGXRFRLg.wav,0,0,391.19,392.32,clean,OI_vGXRFRLg
OI_vGXRFRLg.wav,0,0,392.33,395.07,fry,OI_vGXRFRLg
OI_vGXRFRLg.wav,0,0,395.08,398.82,layered,OI_vGXRFRLg
OI_vGXRFRLg.wav,0,0,398.82,399.95,clean,OI_vGXRFRLg
OI_vGXRFRLg.wav,0,0,399.96,402.00,layered,OI_vGXRFRLg
OI_vGXRFRLg.wav,0,0,402.01,403.79,fry,OI_vGXRFRLg
OI_vGXRFRLg.wav,0,0,405.26,410.85,fry,OI_vGXRFRLg
OI_vGXRFRLg.wav,0,0,411.73,418.88,fry,OI_vGXRFRLg
OI_vGXRFRLg.wav,0,0,418.89,422.80,layered,OI_vGXRFRLg
OI_vGXRFRLg.wav,0,0,422.81,442.68,clean,OI_vGXRFRLg
OI_vGXRFRLg.wav,0,0,442.69,451.28,fry,OI_vGXRFRLg
OI_vGXRFRLg.wav,0,0,465.98,474.60,clean,OI_vGXRFRLg
OI_vGXRFRLg.wav,0,0,474.61,482.15,fry,OI_vGXRFRLg
OI_vGXRFRLg.wav,0,0,482.16,490.75,clean,OI_vGXRFRLg
OI_vGXRFRLg.wav,0,0,490.76,499.30,fry,OI_vGXRFRLg
wM8LDVIiwhA.wav,0,0,25.30,68.54,fry,wM8LDVIiwhA
wM8LDVIiwhA.wav,0,0,74.39,118.51,fry,wM8LDVIiwhA
wM8LDVIiwhA.wav,0,0,169.08,181.30,fry,wM8LDVIiwhA
wM8LDVIiwhA.wav,0,0,217.38,260.64,fry,wM8LDVIiwhA
ziJUuC4y8s4.wav,0,0,55.47,82.50,fry,ziJUuC4y8s4
ziJUuC4y8s4.wav,0,0,104.28,133.14,fry,ziJUuC4y8s4
ziJUuC4y8s4.wav,0,0,133.15,174.79,clean,ziJUuC4y8s4
ziJUuC4y8s4.wav,0,0,205.47,226.06,fry,ziJUuC4y8s4
ziJUuC4y8s4.wav,0,0,227.55,233.19,fry,ziJUuC4y8s4
ziJUuC4y8s4.wav,0,0,239.97,254.25,fry,ziJUuC4y8s4
ziJUuC4y8s4.wav,0,0,273.13,281.54,clean,ziJUuC4y8s4
ziJUuC4y8s4.wav,0,0,284.53,289.71,clean,ziJUuC4y8s4
ziJUuC4y8s4.wav,0,0,293.40,310.45,clean,ziJUuC4y8s4
ziJUuC4y8s4.wav,0,0,314.46,323.15,clean,ziJUuC4y8s4
ziJUuC4y8s4.wav,0,0,353.52,362.76,fry,ziJUuC4y8s4
ziJUuC4y8s4.wav,0,0,364.43,377.20,fry,ziJUuC4y8s4
ziJUuC4y8s4.wav,0,0,378.27,395.76,fry,ziJUuC4y8s4
ziJUuC4y8s4.wav,0,0,427.68,454.71,fry,ziJUuC4y8s4
ziJUuC4y8s4.wav,0,0,454.72,496.69,clean,ziJUuC4y8s4
ziJUuC4y8s4.wav,0,0,567.05,593.59,fry,ziJUuC4y8s4